{
  "providers": [
    {
      "type": "bitmap",
      "file": "minecraft:font/enchant.png",
      "ascent": 12,
      "height": 92,
      "chars": [
        "й"
      ]
    },
    {
      "type": "bitmap",
      "file": "minecraft:font/void.png",
      "ascent": -32768,
      "height": -3,
      "chars": [
        "ꈂ"
      ]
    },
    {
      "type": "bitmap",
      "file": "minecraft:font/star.png",
      "ascent": 12,
      "height": 92,
      "chars": [
        "ы"
      ]
    },
    {
      "type": "bitmap",
      "file": "minecraft:font/logo.png",
      "ascent": 12,
      "height": 30,
      "chars": [
        "т"
      ]
    },
    {
      "type": "bitmap",
      "file": "minecraft:font/coin.png",
      "ascent": 12,
      "height": 16,
      "chars": [
        "ь"
      ]
    }
  ]
}